timestamp,x_angle,y_angle,current_state,x_axis_cheat,y_axis_cheat
2024-10-27 22:58:16,16.36893253793395,16.404438472595533,Looking Right,1,0
2024-10-27 22:58:16,14.53569047851902,18.48443425418572,Looking Right,1,0
2024-10-27 22:58:16,13.599017514354877,22.121345507314917,Looking Right,1,0
2024-10-27 22:58:16,14.57241208487238,24.787001022567036,Looking Right,1,0
2024-10-27 22:58:16,13.608798603844264,25.76493146311631,Looking Right,1,0
2024-10-27 22:58:16,12.31904022727926,18.66807365399034,Looking Right,1,0
2024-10-27 22:58:16,13.272631243089547,19.793502937171414,Looking Right,1,0
2024-10-27 22:58:16,14.226761676762347,21.182510102650927,Looking Right,1,0
2024-10-27 22:58:16,6.652761942766172,14.855754106320138,Looking Right,1,0
2024-10-27 22:58:16,4.777863868854968,11.642743023625602,Looking Right,1,0
2024-10-27 22:58:16,3.6121658530004486,11.321352174208188,Looking Right,1,0
2024-10-27 22:58:16,3.1730004057532466,11.480767250387599,Looking Right,1,0
2024-10-27 22:58:16,3.27390637149562,8.99452608916196,Forward,0,0
2024-10-27 22:58:17,2.407582589582215,6.899524753818672,Forward,0,0
2024-10-27 22:58:17,2.9677884672123707,6.609033620837312,Forward,0,0
2024-10-27 22:58:17,3.029618533871908,6.598717616857735,Forward,0,0
2024-10-27 22:58:17,2.748878983999268,6.478279641183767,Forward,0,0
2024-10-27 22:58:17,1.9524059663351634,5.969850031796725,Forward,0,0
2024-10-27 22:58:17,2.1074187216407627,5.82763743534086,Forward,0,0
2024-10-27 22:58:17,1.8996274418675652,5.897302419725383,Forward,0,0
2024-10-27 22:58:17,2.0582136070888226,5.752703207164645,Forward,0,0
2024-10-27 22:58:17,1.281281683081924,4.959569963101604,Forward,0,0
2024-10-27 22:58:17,1.160299594987908,4.888601689382265,Forward,0,0
2024-10-27 22:58:17,1.2112602009794444,4.771924103679198,Forward,0,0
2024-10-27 22:58:17,1.4668080191651198,4.873090319729369,Forward,0,0
2024-10-27 22:58:17,0.21625658456294605,2.5296100438156377,Forward,0,0
2024-10-27 22:58:17,4.865637807557021,-1.1709545329574342,Forward,0,0
2024-10-27 22:58:17,4.8568205744608655,-0.9318112555002676,Forward,0,0
2024-10-27 22:58:17,4.593756309771294,-0.9946389313146915,Forward,0,0
2024-10-27 22:58:17,4.690185884390046,-0.8993528569569692,Forward,0,0
2024-10-27 22:58:17,8.185764838439646,-3.654541770562445,Forward,0,0
2024-10-27 22:58:17,7.013071169729983,-3.322081256448104,Forward,0,0
2024-10-27 22:58:17,6.896649928302123,-3.3731278284214152,Forward,0,0
2024-10-27 22:58:17,6.9044163646190135,-3.372132739348028,Forward,0,0
2024-10-27 22:58:17,8.67793365004587,-4.381527721883222,Forward,0,0
2024-10-27 22:58:18,9.664362114423078,-4.944861710457744,Forward,0,0
2024-10-27 22:58:18,8.674638963732944,-4.512958604315148,Forward,0,0
2024-10-27 22:58:18,8.979977258475575,-4.718500916614572,Forward,0,0
2024-10-27 22:58:18,8.852820293996436,-4.703117988366055,Forward,0,0
2024-10-27 22:58:18,9.62115054058907,-5.697692135504038,Forward,0,0
2024-10-27 22:58:18,9.630673057479635,-5.504266864643969,Forward,0,0
2024-10-27 22:58:18,9.565106554493282,-5.584295324155473,Forward,0,0
2024-10-27 22:58:18,9.620280682868389,-5.586781444285464,Forward,0,0
2024-10-27 22:58:18,9.644298358043418,-5.681944620556727,Forward,0,0
2024-10-27 22:58:18,9.796347381730978,-5.634524237430164,Forward,0,0
2024-10-27 22:58:18,9.637925720709662,-6.037386579724136,Forward,0,0
2024-10-27 22:58:18,9.752348184091723,-5.701123499375422,Forward,0,0
2024-10-27 22:58:18,9.666069526288096,-5.979745606240036,Forward,0,0
2024-10-27 22:58:18,9.829635444351505,-5.867995409710042,Forward,0,0
2024-10-27 22:58:18,9.86923074868503,-5.641585050551549,Forward,0,0
2024-10-27 22:58:18,9.681592417966217,-5.42583109233574,Forward,0,0
2024-10-27 22:58:18,9.411544556213022,-5.486541816665651,Forward,0,0
2024-10-27 22:58:18,9.432237914202396,-5.5235692644772785,Forward,0,0
2024-10-27 22:58:18,9.100704532974667,-4.664152780474988,Forward,0,0
2024-10-27 22:58:18,8.69368781340598,-4.702009875541338,Forward,0,0
2024-10-27 22:58:18,8.58911399389279,-4.647403014536321,Forward,0,0
2024-10-27 22:58:18,8.682155457342896,-4.610664466176772,Forward,0,0
2024-10-27 22:58:18,9.420372369131718,-4.761455993633871,Forward,0,0
2024-10-27 22:58:19,9.540265341462538,-4.761183428150981,Forward,0,0
2024-10-27 22:58:19,9.113994417164376,-4.687137373801388,Forward,0,0
2024-10-27 22:58:19,9.178994913206097,-4.798259337326268,Forward,0,0
2024-10-27 22:58:19,9.012579160156912,-4.844928815782693,Forward,0,0
2024-10-27 22:58:19,7.636869961509516,-3.8155037054909102,Forward,0,0
2024-10-27 22:58:19,6.9920302292906245,-3.843126018412435,Forward,0,0
2024-10-27 22:58:19,7.250715042178203,-3.811331708453604,Forward,0,0
2024-10-27 22:58:19,7.075763725721015,-3.801522377918994,Forward,0,0
2024-10-27 22:58:19,6.939916245120603,-2.2793590019199557,Forward,0,0
2024-10-27 22:58:19,4.727051919200445,-0.6485132058376667,Forward,0,0
2024-10-27 22:58:19,5.036004815704814,-0.274307958899914,Forward,0,0
2024-10-27 22:58:19,5.111551038192818,-0.026812516346358898,Forward,0,0
2024-10-27 22:58:19,4.916633720345897,-0.3956502822778822,Forward,0,0
2024-10-27 22:58:19,3.8778161329821317,1.4513698087979154,Forward,0,0
2024-10-27 22:58:19,4.172058870960051,0.6877994050943791,Forward,0,0
2024-10-27 22:58:19,4.467323000327067,0.8491254957230697,Forward,0,0
2024-10-27 22:58:19,4.334348077808895,0.7408577138122341,Forward,0,0
2024-10-27 22:58:19,4.518598137138126,1.7077460477832023,Forward,0,0
2024-10-27 22:58:19,3.765972439723405,1.5387449555961854,Forward,0,0
2024-10-27 22:58:19,3.741999745484352,1.5112501144641475,Forward,0,0
2024-10-27 22:58:19,3.868061778556652,1.6018030985571268,Forward,0,0
2024-10-27 22:58:20,3.82201158827151,1.5808064747605937,Forward,0,0
2024-10-27 22:58:20,3.701623261582526,1.269458304285907,Forward,0,0
2024-10-27 22:58:20,3.5432149139991864,1.1742431152836508,Forward,0,0
2024-10-27 22:58:20,3.7824152282817964,1.2805117813936162,Forward,0,0
2024-10-27 22:58:20,3.605844117345303,1.1911846399194412,Forward,0,0
2024-10-27 22:58:20,3.6558589435439353,1.059341111429518,Forward,0,0
2024-10-27 22:58:20,3.9425047325247453,1.3344584231051957,Forward,0,0
2024-10-27 22:58:20,3.4375126558155644,1.18954197177579,Forward,0,0
2024-10-27 22:58:20,3.769393239285294,1.318141338276782,Forward,0,0
2024-10-27 22:58:20,1.6883531834571572,0.54131288065477,Forward,0,0
2024-10-27 22:58:20,4.674532680375097,-0.040787296868166366,Forward,0,0
2024-10-27 22:58:20,4.49703696195829,-0.2732889065161092,Forward,0,0
2024-10-27 22:58:20,4.770194026902323,-0.2933810662129509,Forward,0,0
2024-10-27 22:58:20,4.65919466178445,-0.22224528504711946,Forward,0,0
2024-10-27 22:58:20,6.554342298695577,0.4812673925306075,Forward,0,0
2024-10-27 22:58:20,6.853704362481582,1.133687613858194,Forward,0,0
2024-10-27 22:58:20,6.487940215709829,0.8460616303192194,Forward,0,0
2024-10-27 22:58:20,6.432485275955307,0.9069413310234671,Forward,0,0
2024-10-27 22:58:20,8.141880026635599,1.5823198040487736,Forward,0,0
2024-10-27 22:58:20,9.371499451712221,1.7312960466289846,Forward,0,0
2024-10-27 22:58:20,9.471736292726881,1.2982749356195782,Forward,0,0
2024-10-27 22:58:20,9.540293062526464,1.9455948264975307,Forward,0,0
2024-10-27 22:58:20,9.576382419404691,1.681791692726389,Forward,0,0
2024-10-27 22:58:20,10.776427009563301,0.7784283197394556,Forward,0,0
2024-10-27 22:58:21,12.9510356351019,0.005078396075195902,Forward,0,0
2024-10-27 22:58:21,12.890181087894486,0.01926821666175167,Forward,0,0
2024-10-27 22:58:21,13.012941443410266,-0.10222940039909628,Forward,0,0
2024-10-27 22:58:21,13.110396910641724,-0.1364685641078854,Forward,0,0
2024-10-27 22:58:21,12.41293868473544,-4.05954202395485,Forward,0,0
2024-10-27 22:58:21,12.416675140989621,-3.915219519942194,Forward,0,0
2024-10-27 22:58:21,12.567518415359563,-3.576996422324278,Forward,0,0
2024-10-27 22:58:21,12.161118842430305,-3.594423326633499,Forward,0,0
2024-10-27 22:58:21,15.273877545410345,-9.676766361982073,Forward,0,0
2024-10-27 22:58:21,15.131687846750099,-9.883349351144798,Forward,0,0
2024-10-27 22:58:21,16.345114679921053,-9.841188536342642,Forward,0,0
2024-10-27 22:58:21,15.979796173487358,-9.825122632442499,Forward,0,0
2024-10-27 22:58:21,23.53097622993273,-16.417530108554534,Looking Left,1,0
2024-10-27 22:58:21,21.92504295206584,-19.527470974040845,Looking Left,1,0
2024-10-27 22:58:21,20.163016143027154,-20.01473377479856,Looking Left,1,0
2024-10-27 22:58:21,19.84963328272368,-20.08330589167721,Looking Left,1,0
2024-10-27 22:58:21,20.108290998414073,-20.08611102064144,Looking Left,1,0
2024-10-27 22:58:21,20.022608700432865,-19.493139306083226,Looking Left,1,0
2024-10-27 22:58:21,18.812581498649116,-19.095952452633334,Looking Left,1,0
2024-10-27 22:58:21,18.719572147677553,-18.663826316255843,Looking Left,1,0
2024-10-27 22:58:21,18.799279954630546,-18.83777720610771,Looking Left,1,0
2024-10-27 22:58:21,20.144240146303115,-18.460660400823077,Looking Left,1,0
2024-10-27 22:58:22,18.863860043223934,-19.206702413717398,Looking Left,1,0
2024-10-27 22:58:22,18.98834305687098,-19.268489000635178,Looking Left,1,0
2024-10-27 22:58:22,18.439095942977396,-19.09309370504344,Looking Left,1,0
2024-10-27 22:58:22,19.195669301039555,-19.165507257403213,Looking Left,1,0
2024-10-27 22:58:22,19.35657871622935,-19.10112230336162,Looking Left,1,0
2024-10-27 22:58:22,19.407930545920973,-19.988169935928486,Looking Left,1,0
2024-10-27 22:58:22,19.57983742058842,-20.585809065184186,Looking Left,1,0
2024-10-27 22:58:22,19.764345868803378,-19.680529322941517,Looking Left,1,0
2024-10-27 22:58:22,20.050899569482716,-19.31839255805387,Looking Left,1,0
2024-10-27 22:58:22,19.641273935334954,-19.474330744350567,Looking Left,1,0
2024-10-27 22:58:22,19.581833223113883,-19.559436311572618,Looking Left,1,0
2024-10-27 22:58:22,18.331345705930428,-19.693245385506746,Looking Left,1,0
2024-10-27 22:58:22,18.458741371888152,-19.84954701170033,Looking Left,1,0
2024-10-27 22:58:22,18.584846369605696,-19.08056090457927,Looking Left,1,0
2024-10-27 22:58:22,20.284663414530428,-19.353577253436253,Looking Left,1,0
2024-10-27 22:58:22,19.619175403015966,-19.38837684537957,Looking Left,1,0
2024-10-27 22:58:22,18.841893569959964,-18.9691151130367,Looking Left,1,0
2024-10-27 22:58:22,18.59705226576608,-18.07417461628923,Looking Left,1,0
2024-10-27 22:58:22,18.747971169134363,-18.57663079851394,Looking Left,1,0
2024-10-27 22:58:22,18.647163521350812,-18.52153090482015,Looking Left,1,0
2024-10-27 22:58:22,18.1430086630787,-17.751709953628076,Looking Left,1,0
2024-10-27 22:58:22,18.610147653973915,-18.783657990107745,Looking Left,1,0
2024-10-27 22:58:22,18.192867627637654,-18.012874469844075,Looking Left,1,0
2024-10-27 22:58:23,18.546404700182055,-18.229501689580722,Looking Left,1,0
2024-10-27 22:58:23,17.98268558779879,-18.120247461633333,Looking Left,1,0
2024-10-27 22:58:23,18.627325080486763,-18.89093433737747,Looking Left,1,0
2024-10-27 22:58:23,19.40269889294358,-18.454140952377717,Looking Left,1,0
2024-10-27 22:58:23,21.288239014344686,-19.087947828711464,Looking Left,1,0
2024-10-27 22:58:23,21.330831556362227,-18.95775044240395,Looking Left,1,0
2024-10-27 22:58:23,21.206938048322414,-18.14542995809166,Looking Left,1,0
2024-10-27 22:58:23,21.386726803757373,-19.771595335123028,Looking Left,1,0
2024-10-27 22:58:23,22.504101799256066,-19.08333323776838,Looking Left,1,0
2024-10-27 22:58:23,22.775846573369446,-18.871784884267626,Looking Left,1,0
2024-10-27 22:58:23,21.94988789114645,-19.06838229482197,Looking Left,1,0
2024-10-27 22:58:23,22.542700031575777,-19.27749048372388,Looking Left,1,0
2024-10-27 22:58:23,21.47593577455724,-18.835975149210174,Looking Left,1,0
2024-10-27 22:58:23,21.698263638093227,-18.749629414948686,Looking Left,1,0
2024-10-27 22:58:23,20.886226796292643,-18.898971049909147,Looking Left,1,0
2024-10-27 22:58:23,21.057436134399598,-18.85954634036283,Looking Left,1,0
2024-10-27 22:58:23,20.94544248588098,-18.917896735158553,Looking Left,1,0
2024-10-27 22:58:23,21.039202414275156,-19.229186444939145,Looking Left,1,0
2024-10-27 22:58:23,22.36402472009592,-18.477479705538403,Looking Left,1,0
2024-10-27 22:58:23,21.599128364857386,-18.315394340794544,Looking Left,1,0
2024-10-27 22:58:23,20.495108644679792,-18.108005004743344,Looking Left,1,0
2024-10-27 22:58:24,20.9547670208131,-18.39051493318204,Looking Left,1,0
2024-10-27 22:58:24,21.33755524865663,-19.313551167244466,Looking Left,1,0
2024-10-27 22:58:24,20.084341062244455,-18.730619481256365,Looking Left,1,0
2024-10-27 22:58:24,21.038438521834976,-19.017242082367478,Looking Left,1,0
2024-10-27 22:58:24,20.890048305973867,-19.437839743043565,Looking Left,1,0
2024-10-27 22:58:24,23.321702529224734,-19.08441158514792,Looking Left,1,0
2024-10-27 22:58:24,22.814255959620322,-19.164701749228783,Looking Left,1,0
2024-10-27 22:58:24,22.387682170688247,-18.664877312607487,Looking Left,1,0
2024-10-27 22:58:24,21.919805091584223,-18.623626110917158,Looking Left,1,0
2024-10-27 22:58:24,22.27934095008642,-20.727832346040795,Looking Left,1,0
2024-10-27 22:58:24,18.717040879078837,-17.743548075891105,Looking Left,1,0
2024-10-27 22:58:24,19.34245091485369,-18.74038327561129,Looking Left,1,0
2024-10-27 22:58:24,18.045041759768388,-18.552252215807307,Looking Left,1,0
2024-10-27 22:58:24,19.11997094404778,-17.770581496241437,Looking Left,1,0
2024-10-27 22:58:24,20.267998451784656,-17.722738544567694,Looking Left,1,0
2024-10-27 22:58:24,19.495314436423033,-18.22371624149643,Looking Left,1,0
2024-10-27 22:58:24,18.054701721846726,-19.038115930291262,Looking Left,1,0
2024-10-27 22:58:24,19.49678754941386,-18.770690813621172,Looking Left,1,0
2024-10-27 22:58:24,19.116158100535966,-16.00758817036283,Looking Left,1,0
2024-10-27 22:58:24,13.145856754629744,-12.369375829279015,Looking Left,1,0
2024-10-27 22:58:24,14.543614342361263,-12.75835719740987,Looking Left,1,0
2024-10-27 22:58:24,14.74933314659252,-12.560642403212668,Looking Left,1,0
2024-10-27 22:58:24,15.565526214877494,-12.871765509949618,Looking Left,1,0
2024-10-27 22:58:24,10.513159323719025,-7.264255004141949,Forward,0,0
2024-10-27 22:58:25,6.7891245889107665,-2.3955397084954635,Forward,0,0
2024-10-27 22:58:25,7.030117276998668,-1.8333092284656691,Forward,0,0
2024-10-27 22:58:25,6.782179782004178,-2.138871010687521,Forward,0,0
2024-10-27 22:58:25,6.820056794757994,-1.81715629536848,Forward,0,0
2024-10-27 22:58:25,4.183216741032514,5.082685233127768,Forward,0,0
2024-10-27 22:58:25,3.2002177225167054,4.295475219100542,Forward,0,0
2024-10-27 22:58:25,3.3570097517467934,4.63347412668555,Forward,0,0
2024-10-27 22:58:25,3.4996857427491057,4.539165656772792,Forward,0,0
2024-10-27 22:58:25,5.461173019614879,12.176637586408306,Looking Right,1,0
2024-10-27 22:58:25,4.379343963119593,12.4385985563854,Looking Right,1,0
2024-10-27 22:58:25,4.42519209959561,12.650619298018144,Looking Right,1,0
2024-10-27 22:58:25,4.103719745595276,13.08056906909936,Looking Right,1,0
2024-10-27 22:58:25,10.080270546690631,15.414623773743319,Looking Right,1,0
2024-10-27 22:58:25,13.92994497166826,17.780080561549024,Looking Right,1,0
2024-10-27 22:58:25,15.178352499764872,16.67438104920792,Looking Right,1,0
2024-10-27 22:58:25,16.00237515793916,16.69868115536534,Looking Right,1,0
2024-10-27 22:58:25,13.661844967391117,16.34944747782576,Looking Right,1,0
2024-10-27 22:58:25,14.759916982218467,17.361007247584805,Looking Right,1,0
2024-10-27 22:58:25,15.329508016934561,17.57612505066126,Looking Right,1,0
2024-10-27 22:58:25,15.65701575824029,16.271458520631416,Looking Right,1,0
2024-10-27 22:58:25,16.344253172341514,18.906213817505698,Looking Right,1,0
2024-10-27 22:58:25,16.353946036064215,19.236683858984055,Looking Right,1,0
2024-10-27 22:58:26,16.43024743504201,19.307201094551708,Looking Right,1,0
2024-10-27 22:58:26,16.95157412665755,20.07845355470382,Looking Right,1,0
2024-10-27 22:58:26,17.42497315829095,19.545399501026466,Looking Right,1,0
2024-10-27 22:58:26,17.87658001234565,20.695157900336778,Looking Right,1,0
2024-10-27 22:58:26,17.161774032398522,20.242915164132388,Looking Right,1,0
2024-10-27 22:58:26,18.150799795051523,20.182544977186055,Looking Right,1,0
2024-10-27 22:58:26,18.198920806066855,21.060415264503938,Looking Right,1,0
2024-10-27 22:58:26,18.311932528389235,21.20754026030986,Looking Right,1,0
2024-10-27 22:58:26,18.126424966250134,21.066962766987814,Looking Right,1,0
2024-10-27 22:58:26,17.20844548507148,18.82756389529318,Looking Right,1,0
2024-10-27 22:58:26,17.299130683071823,20.90750452823162,Looking Right,1,0
2024-10-27 22:58:26,17.58045606819368,20.619409173257477,Looking Right,1,0
2024-10-27 22:58:26,17.960727285067083,20.049163047964516,Looking Right,1,0
2024-10-27 22:58:26,17.162454760336423,20.340233438468555,Looking Right,1,0
2024-10-27 22:58:26,17.791898529857818,20.84392131119021,Looking Right,1,0
2024-10-27 22:58:26,17.557236242345002,21.8934053873024,Looking Right,1,0
2024-10-27 22:58:26,18.486851436056188,20.877138005695404,Looking Right,1,0
2024-10-27 22:58:26,17.499008642613685,20.15370355034438,Looking Right,1,0
2024-10-27 22:58:26,17.910596842254282,20.524556278879977,Looking Right,1,0
2024-10-27 22:58:26,18.07267130791355,21.231259080357436,Looking Right,1,0
2024-10-27 22:58:26,18.64999209628438,20.169214378089915,Looking Right,1,0
2024-10-27 22:58:26,19.275760062899852,20.40910850495432,Looking Right,1,0
2024-10-27 22:58:26,18.088566691417245,20.64191351870428,Looking Right,1,0
2024-10-27 22:58:26,17.367608083572613,21.099029677653363,Looking Right,1,0
2024-10-27 22:58:27,18.000681926739798,20.94108686382083,Looking Right,1,0
2024-10-27 22:58:27,13.821744761383771,22.950356651774484,Looking Right,1,0
2024-10-27 22:58:27,13.821744761383771,22.950356651774484,Looking Right,1,0
2024-10-27 22:58:28,-25.066715637996865,9.912275264332202,Looking Down,1,1
2024-10-27 22:58:28,-25.066715637996865,9.912275264332202,Looking Down,1,1
2024-10-27 22:58:28,-26.353452127796643,10.89414001622034,Looking Right,1,1
2024-10-27 22:58:28,-26.353452127796643,10.89414001622034,Looking Right,1,1
2024-10-27 22:58:28,-25.591944540997616,9.64273839617611,Looking Down,1,1
2024-10-27 22:58:28,-25.591944540997616,9.64273839617611,Looking Down,1,1
2024-10-27 22:58:29,-19.13650321678002,4.508102659917356,Looking Down,1,1
2024-10-27 22:58:29,-19.726815386548406,4.48414258177847,Looking Down,1,1
2024-10-27 22:58:30,-18.774480955159973,4.80150083561374,Looking Down,1,1
2024-10-27 22:58:30,-19.384743338497017,4.721761186287353,Looking Down,1,1
2024-10-27 22:58:30,-12.216268026480305,1.0207875963872348,Looking Down,1,1
2024-10-27 22:58:30,-10.826889511477049,2.6743364879106535,Looking Down,1,1
2024-10-27 22:58:30,-11.40050217663019,1.4441153288284039,Looking Down,1,1
2024-10-27 22:58:30,-10.656897947131789,1.8413264913884866,Looking Down,1,1
2024-10-27 22:58:30,-10.948339981159547,1.3004806130797644,Looking Down,1,1
2024-10-27 22:58:30,-15.267198005618766,3.0251507557407753,Looking Down,1,1
2024-10-27 22:58:30,-15.723620964139627,3.4053508306554408,Looking Down,1,1
2024-10-27 22:58:30,-14.747469085178494,2.913486071023768,Looking Down,1,1
2024-10-27 22:58:30,-15.43608167171774,2.785411929983262,Looking Down,1,1
2024-10-27 22:58:30,-15.169060495324631,3.4200197323788943,Looking Down,1,1
2024-10-27 22:58:30,-15.180165464640183,3.158606527344078,Looking Down,1,1
2024-10-27 22:58:30,-14.503264301591674,2.8025661972431837,Looking Down,1,1
2024-10-27 22:58:30,-13.762871056737687,2.8310438245326406,Looking Down,1,1
2024-10-27 22:58:30,-13.423566333224908,2.8437852559728465,Looking Down,1,1
2024-10-27 22:58:30,-12.318024906847976,2.4284714697422287,Looking Down,1,1
2024-10-27 22:58:30,-12.258302705980471,1.26597591063452,Looking Down,1,1
2024-10-27 22:58:30,-11.55443232228493,1.0561108191427828,Looking Down,1,1
2024-10-27 22:58:30,-12.091505272744191,0.7968547303624789,Looking Down,1,1
2024-10-27 22:58:30,-11.960928545003014,0.9914155537058018,Looking Down,1,1
2024-10-27 22:58:30,-12.016168045545214,1.2733680678755588,Looking Down,1,1
2024-10-27 22:58:31,-11.343272885504575,1.2402318555689662,Looking Down,1,1
2024-10-27 22:58:31,-11.231789990881591,1.418942336531266,Looking Down,1,1
2024-10-27 22:58:31,-10.906241884064722,1.501975200138964,Looking Down,1,1
2024-10-27 22:58:31,-11.376765686515332,2.0295354360176514,Looking Down,1,1
2024-10-27 22:58:31,-11.835035568029783,2.36281782263586,Looking Down,1,1
2024-10-27 22:58:31,-12.015357583766894,2.893831799050741,Looking Down,1,1
2024-10-27 22:58:31,-11.593377113865467,2.5953872424915434,Looking Down,1,1
2024-10-27 22:58:31,-12.021549307889558,2.7903771243915156,Looking Down,1,1
2024-10-27 22:58:31,-11.61552074649931,2.2437602995439283,Looking Down,1,1
2024-10-27 22:58:31,-11.934795027227189,2.3130316904422954,Looking Down,1,1
2024-10-27 22:58:31,-11.674022601581662,2.4745803031752187,Looking Down,1,1
2024-10-27 22:58:31,-11.767881287532063,2.579183407646877,Looking Down,1,1
2024-10-27 22:58:31,-11.778500489732082,2.116263690503013,Looking Down,1,1
2024-10-27 22:58:31,-11.65123856405201,2.375524017698362,Looking Down,1,1
2024-10-27 22:58:31,-11.589589222320592,2.278904713574741,Looking Down,1,1
2024-10-27 22:58:31,-11.638857536347787,2.2780779334135355,Looking Down,1,1
2024-10-27 22:58:31,-11.480648158983334,1.8575445598692024,Looking Down,1,1
2024-10-27 22:58:31,-11.166442941221023,1.9391554026391529,Looking Down,1,1
2024-10-27 22:58:31,-11.378552220362023,1.7621441733274283,Looking Down,1,1
2024-10-27 22:58:31,-11.401194377630494,1.6997192537257968,Looking Down,1,1
2024-10-27 22:58:31,-11.367908724979578,1.5612910916050642,Looking Down,1,1
2024-10-27 22:58:31,-11.943191793497562,2.407774182187513,Looking Down,1,1
2024-10-27 22:58:32,-11.74731338867157,2.630895511858368,Looking Down,1,1
2024-10-27 22:58:32,-11.822994314392345,2.521181527211262,Looking Down,1,1
2024-10-27 22:58:32,-12.173872992731201,2.6881022031393003,Looking Down,1,1
2024-10-27 22:58:32,-12.221460128418613,2.654039904300437,Looking Down,1,1
2024-10-27 22:58:32,-11.418611813108292,2.8591381325447016,Looking Down,1,1
2024-10-27 22:58:32,-11.049743619837953,2.3809654905959583,Looking Down,1,1
2024-10-27 22:58:32,-11.456327176868012,2.4486491349790653,Looking Down,1,1
2024-10-27 22:58:32,-11.695885950193054,2.148648726412159,Looking Down,1,1
2024-10-27 22:58:32,-11.73428679645499,1.6873060528429504,Looking Down,1,1
2024-10-27 22:58:32,-12.994642645878654,1.7899663649456266,Looking Down,1,1
2024-10-27 22:58:32,-11.23555819088072,1.8239603804804294,Looking Down,1,1
2024-10-27 22:58:32,-11.913893538325107,1.593632073888479,Looking Down,1,1
2024-10-27 22:58:32,-11.61588906479426,1.5343654038384575,Looking Down,1,1
2024-10-27 22:58:32,-12.235115822099582,1.0881323529511966,Looking Down,1,1
2024-10-27 22:58:32,-5.7262015833614655,2.3164476788457375,Forward,0,0
2024-10-27 22:58:32,-6.366819613087901,1.2313754847363438,Forward,0,0
2024-10-27 22:58:32,-6.373243312858058,1.1235006008568842,Forward,0,0
2024-10-27 22:58:32,-2.166440084607566,-0.40606654515854235,Forward,0,0
2024-10-27 22:58:32,-0.4939123151010788,-0.4026516172666059,Forward,0,0
2024-10-27 22:58:32,2.3452413644062906,-1.2122716538444123,Forward,0,0
2024-10-27 22:58:33,1.6834094487004307,-1.2598695920061156,Forward,0,0
2024-10-27 22:58:33,1.6617336214390424,-1.1232849868952972,Forward,0,0
2024-10-27 22:58:33,2.0326081597044556,-2.805712938197143,Forward,0,0
2024-10-27 22:58:33,2.18882968996501,-2.2954062800347477,Forward,0,0
2024-10-27 22:58:33,5.220238449652428,-2.076719803979722,Forward,0,0
2024-10-27 22:58:33,4.413142691382444,-2.416549638123196,Forward,0,0
2024-10-27 22:58:33,3.1490553203513967,-2.8676727639371458,Forward,0,0
2024-10-27 22:58:33,3.3471311018043246,-2.7116907685338503,Forward,0,0
2024-10-27 22:58:33,7.225736645074984,-1.762709216775045,Forward,0,0
2024-10-27 22:58:33,5.547048973838343,-1.2983973573225995,Forward,0,0
2024-10-27 22:58:33,5.601288345982347,-1.1432425778959046,Forward,0,0
2024-10-27 22:58:33,5.8809648707618285,-1.1488981856587042,Forward,0,0
2024-10-27 22:58:33,6.292232835712198,-1.3398221524746345,Forward,0,0
2024-10-27 22:58:33,5.282432174763672,-1.4878163363194463,Forward,0,0
2024-10-27 22:58:33,2.8682758013867526,-2.3012976611207785,Forward,0,0
2024-10-27 22:58:33,2.762887233240715,-2.152772374618281,Forward,0,0
2024-10-27 22:58:33,2.7299353510722075,-1.9571955383449746,Forward,0,0
2024-10-27 22:58:33,2.7622086223382496,-2.0669812909362033,Forward,0,0
2024-10-27 22:58:33,2.0709064146634018,-1.254536359801378,Forward,0,0
2024-10-27 22:58:34,1.2167733474323879,-1.8949099758462205,Forward,0,0
2024-10-27 22:58:34,-0.03309353527018396,-1.6071563847014316,Forward,0,0
2024-10-27 22:58:34,0.22140098493098115,-1.7362811606522266,Forward,0,0
2024-10-27 22:58:34,0.2608718842843329,-1.805890558635737,Forward,0,0
2024-10-27 22:58:34,-2.0552245811122622,-2.8902839811369736,Forward,0,0
2024-10-27 22:58:34,-1.42305285303122,-2.6714749192191465,Forward,0,0
2024-10-27 22:58:34,-2.6289778116263935,-2.4306104555942287,Forward,0,0
2024-10-27 22:58:34,-2.170201826813925,-2.608213390360614,Forward,0,0
2024-10-27 22:58:34,-2.8647800115739996,-3.429544811000869,Forward,0,0
2024-10-27 22:58:34,-3.1894580745648065,-3.287978908720978,Forward,0,0
2024-10-27 22:58:34,-2.466465869550253,-3.469988316177893,Forward,0,0
2024-10-27 22:58:34,-2.519803894996296,-3.603439288555282,Forward,0,0
2024-10-27 22:58:34,-2.49499457453633,-3.6295815846035953,Forward,0,0
2024-10-27 22:58:34,-2.344393089260647,-3.5732187170611835,Forward,0,0
2024-10-27 22:58:34,-1.834509855933988,-3.4460949029754953,Forward,0,0
2024-10-27 22:58:34,-1.9479255735373169,-3.0362518781265178,Forward,0,0
2024-10-27 22:58:34,-1.9483603281374742,-3.4260517507806383,Forward,0,0
2024-10-27 22:58:34,-1.6069576947512059,-3.4142027637698362,Forward,0,0
2024-10-27 22:58:35,-1.6776432324214205,-3.3472331015999064,Forward,0,0
2024-10-27 22:58:35,-0.9258990904968974,-3.4654383383013343,Forward,0,0
2024-10-27 22:58:35,-1.4375034419631822,-3.4598849102726876,Forward,0,0
2024-10-27 22:58:35,-0.9515912375117969,-3.4049016120099878,Forward,0,0
2024-10-27 22:58:35,-1.7858627001321996,-3.068044531803119,Forward,0,0
2024-10-27 22:58:35,-0.918728219144073,-2.562571588312743,Forward,0,0
2024-10-27 22:58:35,-1.4290816416518881,-2.7027075498139204,Forward,0,0
2024-10-27 22:58:35,-1.536062505939843,-2.320266635658399,Forward,0,0
2024-10-27 22:58:35,-1.0364528277904186,-2.7274285254280235,Forward,0,0
2024-10-27 22:58:35,-0.704678831652226,-3.0828931267591866,Forward,0,0
2024-10-27 22:58:35,-1.8134909171883635,-2.400904281621822,Forward,0,0
2024-10-27 22:58:35,-1.4811732056081286,-2.5384093701649997,Forward,0,0
2024-10-27 22:58:35,-2.2842953322881794,-1.8203154237732349,Forward,0,0
2024-10-27 22:58:35,-2.137196483403436,-2.0533305767210837,Forward,0,0
2024-10-27 22:58:35,-2.3919915354780943,-2.0181045964511366,Forward,0,0
2024-10-27 22:58:35,-2.37445535695148,-1.986725508524038,Forward,0,0
2024-10-27 22:58:35,-2.3192375844909017,-1.886122737105522,Forward,0,0
2024-10-27 22:58:35,-1.9745584257714803,-2.0150466759976178,Forward,0,0
2024-10-27 22:58:35,-0.2961288812880485,-1.4273367630178118,Forward,0,0
2024-10-27 22:58:35,0.003912035193911381,-1.1028155783614297,Forward,0,0
2024-10-27 22:58:36,-0.09854040462882949,-0.992480293345453,Forward,0,0
2024-10-27 22:58:36,-1.6156351603870214,-1.3563736389344774,Forward,0,0
2024-10-27 22:58:36,-1.3740304780279329,-1.2018390321659713,Forward,0,0
2024-10-27 22:58:36,-0.8430387378509636,-1.2315165235844812,Forward,0,0
2024-10-27 22:58:36,-1.4113567228303727,-1.2662749217245828,Forward,0,0
2024-10-27 22:58:36,-1.1711294279219349,-1.0186985587122024,Forward,0,0
2024-10-27 22:58:36,-0.8274607785867295,-0.8642560124192062,Forward,0,0
2024-10-27 22:58:36,-1.4609239301049792,-0.31649077819115246,Forward,0,0
2024-10-27 22:58:36,-1.5142910744596647,-0.3383531445755322,Forward,0,0
2024-10-27 22:58:36,-1.503864685889681,-0.3047941267235372,Forward,0,0
2024-10-27 22:58:36,-1.0926544115612857,-0.130389581399996,Forward,0,0
2024-10-27 22:58:36,-2.3704340384973333,1.8239928547032778,Forward,0,0
2024-10-27 22:58:36,-2.2237774348220123,2.0521901173111705,Forward,0,0
2024-10-27 22:58:36,-2.1954168262424663,3.7094652633862264,Forward,0,0
2024-10-27 22:58:36,-1.4085454950103382,3.3397195568714286,Forward,0,0
2024-10-27 22:58:36,-1.6148415017850408,3.4773224576263937,Forward,0,0
2024-10-27 22:58:36,-1.5905740967855022,3.4521717336941413,Forward,0,0
2024-10-27 22:58:36,-2.5535666921057234,4.754637119345368,Forward,0,0
2024-10-27 22:58:37,-1.831533671651874,4.49830606784341,Forward,0,0
2024-10-27 22:58:37,-1.9978968159141297,4.425319054673295,Forward,0,0
2024-10-27 22:58:37,-2.624598357039074,5.406626544586422,Forward,0,0
2024-10-27 22:58:37,-2.115555230063732,5.591982948863124,Forward,0,0
2024-10-27 22:58:37,-2.021526029175925,6.343622941041618,Forward,0,0
2024-10-27 22:58:37,-2.1242242822418835,6.353342237447286,Forward,0,0
2024-10-27 22:58:37,-2.046865986837346,6.188073422764371,Forward,0,0
2024-10-27 22:58:37,-2.3306731347477347,6.350449924300543,Forward,0,0
2024-10-27 22:58:37,-3.0197679361095275,6.19127560294471,Forward,0,0
2024-10-27 22:58:37,-1.9420060113104687,6.068847713671461,Forward,0,0
2024-10-27 22:58:37,-2.488650846311922,5.87519845295061,Forward,0,0
2024-10-27 22:58:37,-3.5358151562172,5.45435098774607,Forward,0,0
2024-10-27 22:58:37,-3.3821687476066025,5.299260911959686,Forward,0,0
2024-10-27 22:58:37,-3.3481243668540426,5.119626537442827,Forward,0,0
2024-10-27 22:58:37,-3.307022745618828,5.306493633498102,Forward,0,0
2024-10-27 22:58:37,-3.3323316987216023,5.161505925511647,Forward,0,0
2024-10-27 22:58:37,-3.3091208142851016,5.129211958255176,Forward,0,0
2024-10-27 22:58:37,-2.523749291091668,5.184847098040633,Forward,0,0
2024-10-27 22:58:37,-2.719017947194916,5.290572672535991,Forward,0,0
2024-10-27 22:58:37,-2.8165673379832383,5.392315955054419,Forward,0,0
2024-10-27 22:58:37,-2.977555260801718,5.430358967337425,Forward,0,0
2024-10-27 22:58:37,-2.665203141745716,5.3498284637473565,Forward,0,0
2024-10-27 22:58:38,-2.450033655271818,5.267595292851803,Forward,0,0
2024-10-27 22:58:38,-2.2537090983482777,5.397107553411723,Forward,0,0
2024-10-27 22:58:38,-2.5313695011456736,5.075038632698189,Forward,0,0
2024-10-27 22:58:38,-2.5513145333657525,5.0751392337127,Forward,0,0
2024-10-27 22:58:38,-2.1824829381219724,5.407476724831648,Forward,0,0
2024-10-27 22:58:38,-2.6322730172484157,5.14351674519545,Forward,0,0
2024-10-27 22:58:38,-2.932676370773673,4.97424163826759,Forward,0,0
2024-10-27 22:58:38,-2.7452859759266417,4.898497231883637,Forward,0,0
2024-10-27 22:58:38,-1.876828881386056,4.910482438061765,Forward,0,0
2024-10-27 22:58:38,-3.324790176023393,4.978576112901061,Forward,0,0
2024-10-27 22:58:38,-3.127674307688813,5.196649902785776,Forward,0,0
2024-10-27 22:58:38,-2.8892856707777255,5.283230870471972,Forward,0,0
2024-10-27 22:58:38,-3.2932037991969625,5.234910161455438,Forward,0,0
2024-10-27 22:58:38,-2.630708785490848,5.188297158737233,Forward,0,0
2024-10-27 22:58:38,-2.729444885769583,5.236257898808366,Forward,0,0
2024-10-27 22:58:38,-2.825743661381506,5.163959865322965,Forward,0,0
2024-10-27 22:58:38,-2.9881096971748464,4.998645540734178,Forward,0,0
2024-10-27 22:58:38,-2.8567099470100334,5.218968384126758,Forward,0,0
2024-10-27 22:58:38,-2.1723727224048557,5.692135334830284,Forward,0,0
2024-10-27 22:58:38,-2.4361892626038126,5.743063153337315,Forward,0,0
2024-10-27 22:58:38,-2.393901511222072,5.7767856271873965,Forward,0,0
2024-10-27 22:58:38,-2.453729288572296,5.746776249888348,Forward,0,0
2024-10-27 22:58:38,-2.1999804931658735,5.57904450647819,Forward,0,0
2024-10-27 22:58:39,-1.7001696645089004,5.351230125235731,Forward,0,0
2024-10-27 22:58:39,-2.7980200196984,5.234236415322373,Forward,0,0
2024-10-27 22:58:39,-2.2643486719775314,5.499462344282966,Forward,0,0
2024-10-27 22:58:39,-2.066501617794374,5.906245800956056,Forward,0,0
2024-10-27 22:58:39,-1.679137700177999,5.875624700534992,Forward,0,0
2024-10-27 22:58:39,-2.369572296680812,5.622441971811206,Forward,0,0
2024-10-27 22:58:39,-2.4868116676604894,5.541828946854592,Forward,0,0
2024-10-27 22:58:39,-1.44968499236426,5.631365146425985,Forward,0,0
2024-10-27 22:58:39,-1.8486779826467241,5.847619375699959,Forward,0,0
2024-10-27 22:58:39,-2.054949229817545,5.814806659514863,Forward,0,0
2024-10-27 22:58:39,-1.0931844464919291,5.652170278171137,Forward,0,0
2024-10-27 22:58:39,-1.4121858047815876,5.918498604548834,Forward,0,0
2024-10-27 22:58:39,-1.6888945865649128,5.892781661347904,Forward,0,0
2024-10-27 22:58:39,-1.502900754112172,5.892836608550422,Forward,0,0
2024-10-27 22:58:39,-1.5514745934732308,5.695035174858752,Forward,0,0
2024-10-27 22:58:39,-1.5674668817184487,5.756061100246725,Forward,0,0
2024-10-27 22:58:39,-1.5420513528327375,5.741907795931661,Forward,0,0
2024-10-27 22:58:39,-1.8725896783090727,5.26893283193119,Forward,0,0
2024-10-27 22:58:39,-1.6644118468688793,5.16975958859728,Forward,0,0
2024-10-27 22:58:40,-1.6815903328788215,3.4051220672510754,Forward,0,0
2024-10-27 22:58:40,-2.714902598325919,3.5452932752062423,Forward,0,0
2024-10-27 22:58:40,-2.6363578571181256,3.4097341217573884,Forward,0,0
2024-10-27 22:58:40,-2.515495565159346,3.5326570092297978,Forward,0,0
2024-10-27 22:58:40,-2.3935221876833808,2.0296583402605957,Forward,0,0
2024-10-27 22:58:40,-1.9045548800092436,2.0793497603906475,Forward,0,0
2024-10-27 22:58:40,-2.249965420639642,1.7516085237498455,Forward,0,0
2024-10-27 22:58:40,-2.9493398855258297,0.9623842659628363,Forward,0,0
2024-10-27 22:58:40,-3.229083391985422,1.121981928974937,Forward,0,0
2024-10-27 22:58:40,-3.214850082429989,0.09155105536194975,Forward,0,0
2024-10-27 22:58:40,-2.2202748859851553,0.30660363522634243,Forward,0,0
2024-10-27 22:58:40,-2.014048898930564,0.15126255043536072,Forward,0,0
2024-10-27 22:58:40,-2.103096597849976,0.0989131077981653,Forward,0,0
2024-10-27 22:58:40,-2.9241616117117277,-0.2799929771707371,Forward,0,0
2024-10-27 22:58:40,-2.795373749381102,-0.48757310773327917,Forward,0,0
2024-10-27 22:58:40,-2.9432571917301,-0.19088176203200705,Forward,0,0
2024-10-27 22:58:40,-1.9564526304111693,-0.8851272004078738,Forward,0,0
2024-10-27 22:58:40,-2.1174029892741113,-0.7905850665019266,Forward,0,0
2024-10-27 22:58:40,-0.97715004375184,-0.2350320123158917,Forward,0,0
2024-10-27 22:58:40,-0.8895361052285395,-0.6569623382866924,Forward,0,0
2024-10-27 22:58:40,-0.7510478053798374,-0.7083310156903773,Forward,0,0
2024-10-27 22:58:40,-0.8498357272351058,-0.6359229057697798,Forward,0,0
2024-10-27 22:58:40,-0.528315488835671,-0.6787767633355833,Forward,0,0
2024-10-27 22:58:41,-0.3623724277269955,-0.3873219733631481,Forward,0,0
2024-10-27 22:58:41,-0.6619299360136014,-0.43049825306271805,Forward,0,0
2024-10-27 22:58:41,-1.2766855361061025,-0.9232704396433425,Forward,0,0
2024-10-27 22:58:41,-1.6760484876232005,-1.1212024005637335,Forward,0,0
2024-10-27 22:58:41,-0.6005441633429144,-0.6032851019831212,Forward,0,0
2024-10-27 22:58:41,-0.42350512217462905,-0.7885997693377103,Forward,0,0
2024-10-27 22:58:41,-0.5542017470893713,-0.865332235161559,Forward,0,0
2024-10-27 22:58:41,-0.3937867140390978,-0.854646974137,Forward,0,0
2024-10-27 22:58:41,-2.723594087802924,-1.4498891410864332,Forward,0,0
2024-10-27 22:58:41,-2.4574275523671916,-1.50954335955815,Forward,0,0
2024-10-27 22:58:41,-2.5633360363944315,-1.4718279188554102,Forward,0,0
2024-10-27 22:58:41,-2.529563361656338,-1.2271410927061686,Forward,0,0
2024-10-27 22:58:41,-2.68478285558462,-1.1449529940979468,Forward,0,0
2024-10-27 22:58:41,-2.4521849029724847,-0.8813815517637505,Forward,0,0
2024-10-27 22:58:41,-2.9336796229853035,-1.0989674002599623,Forward,0,0
2024-10-27 22:58:41,-3.000892208364074,-0.9474461634355181,Forward,0,0
2024-10-27 22:58:41,-3.116905434170044,-1.0735058284674,Forward,0,0
2024-10-27 22:58:41,-1.4633561835010571,-0.9562014716514766,Forward,0,0
2024-10-27 22:58:41,-1.148508532987974,-1.0709455633091498,Forward,0,0
2024-10-27 22:58:41,-0.6055398758373021,-0.6319863554282157,Forward,0,0
2024-10-27 22:58:41,-1.0881974209456968,-0.6641258619544951,Forward,0,0
2024-10-27 22:58:41,-0.5369028024382211,-0.5362069882722993,Forward,0,0
2024-10-27 22:58:42,0.1220042958718854,-0.7887471616664218,Forward,0,0
2024-10-27 22:58:42,0.42296172132246856,-0.7780268821304941,Forward,0,0
2024-10-27 22:58:42,0.2279657596299972,-0.8451115602119309,Forward,0,0
2024-10-27 22:58:42,0.4056622399288174,-0.8014807427359893,Forward,0,0
2024-10-27 22:58:42,0.29810099873186086,-1.0610701426838995,Forward,0,0
2024-10-27 22:58:42,0.48327315153301215,-1.201231545471014,Forward,0,0
2024-10-27 22:58:42,0.3519806561375326,-0.7965377760421071,Forward,0,0
2024-10-27 22:58:42,0.5453524027452209,-1.0117434595537391,Forward,0,0
2024-10-27 22:58:42,0.2629119277567519,-1.0501972628958258,Forward,0,0
2024-10-27 22:58:42,1.3937643430389302,-1.587268817414044,Forward,0,0
2024-10-27 22:58:42,1.2287328044474952,-1.3441371117618621,Forward,0,0
2024-10-27 22:58:42,1.2466674590293463,-1.3594911751860048,Forward,0,0
2024-10-27 22:58:42,1.262376827767585,-1.3309698956510578,Forward,0,0
2024-10-27 22:58:42,3.3694877175144935,-1.5452292643137095,Forward,0,0
2024-10-27 22:58:42,2.8366539773845174,-1.4710572726132611,Forward,0,0
2024-10-27 22:58:42,3.401919138930282,-1.6052869338071334,Forward,0,0
2024-10-27 22:58:42,6.28605626703075,-2.2186376349108885,Forward,0,0
2024-10-27 22:58:42,4.8967769172384585,-2.2794598781222857,Forward,0,0
2024-10-27 22:58:42,7.95182839173912,-2.4683966184205355,Forward,0,0
2024-10-27 22:58:42,7.731083873167235,-2.352458990338112,Forward,0,0
2024-10-27 22:58:42,8.038997879156105,-2.314707654730212,Forward,0,0
2024-10-27 22:58:42,7.859728669325249,-2.405433298439641,Forward,0,0
2024-10-27 22:58:42,9.414402056158588,-2.4575889279948284,Forward,0,0
2024-10-27 22:58:43,9.315455807796779,-2.847124451032603,Forward,0,0
2024-10-27 22:58:43,9.459615959172668,-2.5285639140355234,Forward,0,0
2024-10-27 22:58:43,8.674123680216383,-2.7648620173573732,Forward,0,0
2024-10-27 22:58:43,9.384952721344135,-2.5556378138837674,Forward,0,0
2024-10-27 22:58:43,8.92177573537908,-2.8219107147932054,Forward,0,0
2024-10-27 22:58:43,8.170653169930896,-3.0817102771972493,Forward,0,0
2024-10-27 22:58:43,8.00656877925386,-3.012553152452784,Forward,0,0
2024-10-27 22:58:43,8.17655918730239,-3.000130207491225,Forward,0,0
2024-10-27 22:58:43,8.658968325687548,-2.724388148875911,Forward,0,0
2024-10-27 22:58:43,8.090505480702674,-2.5683279552321054,Forward,0,0
2024-10-27 22:58:43,7.998175997747967,-2.4655463480891227,Forward,0,0
2024-10-27 22:58:43,8.16886242142032,-2.063917356672191,Forward,0,0
2024-10-27 22:58:43,8.80651775743184,-2.228103571815887,Forward,0,0
2024-10-27 22:58:43,8.036100567373149,-1.8604959170076842,Forward,0,0
2024-10-27 22:58:43,7.573571657918463,-1.926453329268042,Forward,0,0
2024-10-27 22:58:43,7.896525925102069,-1.9347096084512396,Forward,0,0
2024-10-27 22:58:43,7.652508299344807,-1.96242568817909,Forward,0,0
2024-10-27 22:58:43,7.960913729345231,-2.470996831037124,Forward,0,0
2024-10-27 22:58:43,8.292458923192665,-2.534970988031284,Forward,0,0
2024-10-27 22:58:43,8.437879595986821,-2.5200224563995515,Forward,0,0
2024-10-27 22:58:43,8.110245590527486,-2.4322181019832665,Forward,0,0
2024-10-27 22:58:43,7.598557555013395,-2.488229036695116,Forward,0,0
2024-10-27 22:58:44,7.88806227622858,-2.6684717575926604,Forward,0,0
2024-10-27 22:58:44,8.102285446931734,-2.53501758924241,Forward,0,0
2024-10-27 22:58:44,8.055648013402383,-2.3780415334915808,Forward,0,0
2024-10-27 22:58:44,7.809921846680473,-2.3231478230140024,Forward,0,0
2024-10-27 22:58:44,8.235528973484657,-2.5340252511209997,Forward,0,0
2024-10-27 22:58:44,7.949440833220788,-2.3700623787680306,Forward,0,0
2024-10-27 22:58:44,8.196598218884054,-2.4181443253855717,Forward,0,0
2024-10-27 22:58:44,8.529313920882595,-2.3017808560398043,Forward,0,0
2024-10-27 22:58:44,8.416235931561777,-2.266858903870071,Forward,0,0
2024-10-27 22:58:44,8.289704273005025,-2.162675730605138,Forward,0,0
2024-10-27 22:58:44,8.372857153758208,-1.9384743940757534,Forward,0,0
2024-10-27 22:58:44,8.451334696942721,-2.086965795576586,Forward,0,0
2024-10-27 22:58:44,8.36646235777611,-1.9659016170212325,Forward,0,0
2024-10-27 22:58:44,8.920463285764109,-2.5503751718715897,Forward,0,0
2024-10-27 22:58:44,9.029221301554877,-2.2963116728679225,Forward,0,0
2024-10-27 22:58:44,9.243530483453116,-2.413751116679701,Forward,0,0
2024-10-27 22:58:44,8.669438117577375,-2.460306580773436,Forward,0,0
2024-10-27 22:58:44,8.46210977406147,-2.4540390999870247,Forward,0,0
2024-10-27 22:58:44,8.774016677806452,-2.485880917939611,Forward,0,0
2024-10-27 22:58:44,8.68951412822513,-2.6235094448269103,Forward,0,0
2024-10-27 22:58:44,8.726588309752438,-2.614630329226252,Forward,0,0
2024-10-27 22:58:44,8.981085118515386,-2.4796816021124726,Forward,0,0
2024-10-27 22:58:44,9.024374392614945,-2.3829232549807826,Forward,0,0
2024-10-27 22:58:45,9.027658292362066,-2.180772978174165,Forward,0,0
2024-10-27 22:58:45,8.750402861228192,-2.3381193790024413,Forward,0,0
2024-10-27 22:58:45,8.430244107564354,-2.1915739845970124,Forward,0,0
2024-10-27 22:58:45,8.234721982002664,-2.2881370699383505,Forward,0,0
2024-10-27 22:58:45,8.406459784146994,-2.307997846258193,Forward,0,0
2024-10-27 22:58:45,8.80939052053776,-2.480412010897487,Forward,0,0
2024-10-27 22:58:45,8.827748890551016,-2.4726125472906983,Forward,0,0
2024-10-27 22:58:45,8.876999650470017,-2.4223004345652477,Forward,0,0
2024-10-27 22:58:45,8.43650949302721,-2.382277461407467,Forward,0,0
2024-10-27 22:58:45,8.863383127290918,-2.1169042393979542,Forward,0,0
2024-10-27 22:58:45,8.811564455599402,-2.128915649257048,Forward,0,0
2024-10-27 22:58:45,5.4702633198218455,-2.893224945734431,Forward,0,0
2024-10-27 22:58:45,5.61458758460551,-2.827754761754558,Forward,0,0
2024-10-27 22:58:45,5.091581275995371,-2.7084132014115148,Forward,0,0
2024-10-27 22:58:45,5.4770412205864,-2.7492979136612976,Forward,0,0
2024-10-27 22:58:45,5.326397939280204,-2.993493254432422,Forward,0,0
2024-10-27 22:58:45,5.227055109724578,-3.179184749301139,Forward,0,0
2024-10-27 22:58:45,5.747223224119468,-3.4510228075285063,Forward,0,0
2024-10-27 22:58:45,5.749139264174294,-3.039796250698081,Forward,0,0
2024-10-27 22:58:46,5.193415346680263,-2.7922850517856617,Forward,0,0
2024-10-27 22:58:46,5.051828686655042,-2.807050728328386,Forward,0,0
2024-10-27 22:58:46,5.094137340042424,-2.94512500427706,Forward,0,0
2024-10-27 22:58:46,5.185721223265387,-2.9313956224643993,Forward,0,0
2024-10-27 22:58:46,4.463211485267382,-3.042409226764844,Forward,0,0
2024-10-27 22:58:46,5.041082234217425,-2.920441549370621,Forward,0,0
2024-10-27 22:58:46,4.799302247598596,-2.9642860141677927,Forward,0,0
2024-10-27 22:58:46,4.770350120027711,-2.8006888685322147,Forward,0,0
2024-10-27 22:58:46,3.428610126467453,-2.711126651545038,Forward,0,0
2024-10-27 22:58:46,3.2161822082947316,-2.893948568003909,Forward,0,0
2024-10-27 22:58:46,4.552901937250496,-2.6686088129427064,Forward,0,0
2024-10-27 22:58:46,4.1920964513455585,-2.6823604624181163,Forward,0,0
2024-10-27 22:58:46,4.119482649538675,-2.6830657650872745,Forward,0,0
2024-10-27 22:58:46,3.4891740869324033,-2.478731367804044,Forward,0,0
2024-10-27 22:58:46,3.6835585622690967,-2.4246242350563127,Forward,0,0
2024-10-27 22:58:46,3.860586498925241,-2.3730437800656787,Forward,0,0
2024-10-27 22:58:46,3.746180187154402,-2.374401924219084,Forward,0,0
2024-10-27 22:58:46,5.217830884337272,-2.591234335487136,Forward,0,0
2024-10-27 22:58:46,4.920354336544681,-2.774649537076216,Forward,0,0
2024-10-27 22:58:46,4.342379871262489,-2.5429050364948345,Forward,0,0
2024-10-27 22:58:47,4.449501735244563,-2.5043342275596845,Forward,0,0
2024-10-27 22:58:47,4.37414174039012,-2.4591099434975323,Forward,0,0
2024-10-27 22:58:47,4.230167702220309,-2.6112024642554252,Forward,0,0
2024-10-27 22:58:47,4.897925908506539,-2.278893541748816,Forward,0,0
2024-10-27 22:58:47,4.799115443216926,-2.2749799289729737,Forward,0,0
2024-10-27 22:58:47,5.583381903208209,-2.231685502791914,Forward,0,0
2024-10-27 22:58:47,5.4558122866456475,-2.298178588347862,Forward,0,0
2024-10-27 22:58:47,5.573048977955312,-2.110655502096285,Forward,0,0
2024-10-27 22:58:47,4.462445012281839,-2.1464757325625596,Forward,0,0
2024-10-27 22:58:47,4.933096585093057,-2.129644395471434,Forward,0,0
2024-10-27 22:58:47,5.054742757281628,-2.2230960131727864,Forward,0,0
2024-10-27 22:58:47,4.591216164255439,-1.9573828561827664,Forward,0,0
2024-10-27 22:58:47,4.134108597248812,-2.0782945135073208,Forward,0,0
2024-10-27 22:58:47,4.156716907113889,-2.1086399931286883,Forward,0,0
2024-10-27 22:58:47,5.022873947360645,-2.32782120818753,Forward,0,0
2024-10-27 22:58:47,4.936258630767526,-2.6045197669078024,Forward,0,0
2024-10-27 22:58:48,4.768929943866055,-2.719030767659437,Forward,0,0
2024-10-27 22:58:48,4.808298694116756,-2.729534319543636,Forward,0,0
2024-10-27 22:58:48,4.8373223743770115,-2.5085483372603847,Forward,0,0
2024-10-27 22:58:48,4.499713360650432,-2.4057737736813087,Forward,0,0
2024-10-27 22:58:48,4.620196742670742,-2.201513401959174,Forward,0,0
2024-10-27 22:58:48,4.945479407285054,-2.198747377273841,Forward,0,0
2024-10-27 22:58:48,4.9108235690853155,-2.128124507218721,Forward,0,0
2024-10-27 22:58:48,4.593570061719774,-1.74248513093203,Forward,0,0
2024-10-27 22:58:48,4.693656650885327,-1.9936964343956032,Forward,0,0
2024-10-27 22:58:48,4.904760206597521,-1.5716663268831244,Forward,0,0
2024-10-27 22:58:48,5.43867458296971,-1.3250102852375816,Forward,0,0
2024-10-27 22:58:48,5.377651484015952,-1.8953249418490765,Forward,0,0
2024-10-27 22:58:48,5.5070889255962205,-1.7514572085783298,Forward,0,0
2024-10-27 22:58:48,5.772309511261158,-1.7722295842782398,Forward,0,0
2024-10-27 22:58:48,5.882453662268396,-1.7078336970529453,Forward,0,0
2024-10-27 22:58:48,5.507455093815012,-1.646832532921838,Forward,0,0
2024-10-27 22:58:48,5.910463460981957,-1.811054842708408,Forward,0,0
2024-10-27 22:58:48,5.78610994874672,-1.6898148393038188,Forward,0,0
2024-10-27 22:58:48,6.2947458933099165,-1.789114365975816,Forward,0,0
2024-10-27 22:58:48,6.331408010255393,-1.979078074607158,Forward,0,0
2024-10-27 22:58:49,6.280721189101086,-1.9076567787593826,Forward,0,0
2024-10-27 22:58:49,6.2274621771980225,-1.9843186984901153,Forward,0,0
2024-10-27 22:58:49,6.218724205417317,-1.899301356433419,Forward,0,0
2024-10-27 22:58:49,6.218794881605047,-1.8965813990320577,Forward,0,0
2024-10-27 22:58:49,6.374788142245141,-1.9186578140576542,Forward,0,0
2024-10-27 22:58:49,6.232315936342849,-2.0567831600748314,Forward,0,0
2024-10-27 22:58:49,6.2894944668492165,-1.8283208148933083,Forward,0,0
2024-10-27 22:58:49,6.348500118482685,-1.6902457567203704,Forward,0,0
2024-10-27 22:58:49,6.241275458151339,-1.9417407796110933,Forward,0,0
2024-10-27 22:58:49,6.981177750668112,-2.244525392871808,Forward,0,0
2024-10-27 22:58:49,6.92814837195567,-2.307305840529741,Forward,0,0
2024-10-27 22:58:49,6.19656491229813,-2.1512204994258783,Forward,0,0
2024-10-27 22:58:49,6.427459695674728,-2.231256691910194,Forward,0,0
2024-10-27 22:58:49,6.215213744052279,-2.170074649694514,Forward,0,0
2024-10-27 22:58:49,6.318610573823236,-2.3949624218331067,Forward,0,0
2024-10-27 22:58:49,6.6067379338939665,-2.564199307174852,Forward,0,0
2024-10-27 22:58:49,6.644218824785308,-2.4910421471700612,Forward,0,0
2024-10-27 22:58:50,6.71665879874427,-2.471920248621595,Forward,0,0
2024-10-27 22:58:50,7.103464778274165,-2.6849325717801498,Forward,0,0
2024-10-27 22:58:50,7.061603013102589,-2.824094264465854,Forward,0,0
2024-10-27 22:58:50,7.538694631485441,-2.7032535217350433,Forward,0,0
2024-10-27 22:58:50,7.569365353533904,-2.7637773698489054,Forward,0,0
2024-10-27 22:58:50,7.4522262958587495,-2.750955171669133,Forward,0,0
2024-10-27 22:58:50,7.296073297352898,-2.6929259385637816,Forward,0,0
2024-10-27 22:58:50,7.806356585055033,-2.5827965138577023,Forward,0,0
2024-10-27 22:58:50,7.746787787112933,-2.6588220789582055,Forward,0,0
2024-10-27 22:58:50,7.752411704473742,-2.624356953550234,Forward,0,0
2024-10-27 22:58:50,7.323846900122926,-2.617497812579988,Forward,0,0
2024-10-27 22:58:50,7.378904633207947,-2.619871156100642,Forward,0,0
2024-10-27 22:58:50,7.726783333811064,-2.671714381369066,Forward,0,0
2024-10-27 22:58:50,7.824310894424422,-2.6661711931421586,Forward,0,0
2024-10-27 22:58:50,7.672373121799557,-2.746033376786974,Forward,0,0
2024-10-27 22:58:50,7.129981499849333,-2.597789023143941,Forward,0,0
